Wall time,Step,Value
1566125861.6404037,0,0.7092793583869934
1566129020.6030061,1,0.8077332973480225
1566132179.8854985,2,0.8393334746360779
1566135331.2307563,3,0.854049026966095
1566138492.064308,4,0.8620678782463074
1566141636.3533523,5,0.8677045702934265
1566144792.9787366,6,0.872320294380188
1566147960.675098,7,0.8768245577812195
1566151105.0427594,8,0.877900242805481
1566154254.53853,9,0.880648136138916
1566157412.039516,10,0.8822871446609497
1566160564.1465352,11,0.8841705918312073
1566163719.6676033,12,0.8851680755615234
1566166866.3600917,13,0.8869106769561768
1566170019.0195608,14,0.8882132768630981
1566173170.2040293,15,0.889355480670929
1566176319.354997,16,0.8906990885734558
1566179488.084911,17,0.8912858366966248
1566182667.1220329,18,0.8915753364562988
1566185813.9426892,19,0.8926529884338379
1566188993.0544963,20,0.8935819864273071
1566192145.7458186,21,0.8937970995903015
1566195295.3083248,22,0.8945696949958801
1566198445.023394,23,0.8953911066055298
1566201600.2712681,24,0.8957998752593994
1566204754.766037,25,0.8962379693984985
1566207930.3594615,26,0.8960071802139282
1566211212.170249,27,0.8964081406593323
1566214415.213765,28,0.8970887660980225
1566217569.0094364,29,0.8972119688987732
1566220736.1974928,30,0.8970985412597656
1566223895.0333717,31,0.8979982137680054
1566227041.6551807,32,0.8976207375526428
1566230189.9760559,33,0.8985145688056946
1566233346.8085232,34,0.8984969258308411
1566236490.2394023,35,0.8984050154685974
1566239651.164146,36,0.8985536694526672
1566242814.8800802,37,0.8985673785209656
1566246045.0592983,38,0.8988431096076965
1566249232.698623,39,0.8986808061599731
1566252383.7249212,40,0.8982270359992981
1566255535.1034334,41,0.8984852433204651
1566258694.1938324,42,0.8991971611976624
1566261853.1463985,43,0.8995139598846436
1566265000.4352949,44,0.8993790149688721
1566268161.4617107,45,0.8991580009460449
1566271400.4755385,46,0.8994318246841431
1566274722.855991,47,0.8989956974983215
1566277875.2321541,48,0.8989253044128418
1566281033.1943378,49,0.8995452523231506
